{
  "low": 0.07120547140975202,
  "medium": 0.09464920714760704,
  "high": 0.10354018196711316,
  "extreme": 0.11894196657097496
}